jagregory.com = James Gregory <james@jagregory.com>
paul.batum = Paul Batum <paul.batum@gmail.com>
paul.batum@gmail.com = Paul Batum <paul.batum@gmail.com>
AndrewNStewart = Andrew Stewart <andrewnstewart@gmail.com>
bobby.johnson = Bobby Johnson <bobby.johnson@gmail.com>
chad.myers = Chad Myers <chad.myers@gmail.com>
derickbailey = Derick Bailey <derickbailey@gmail.com>
derick.bailey@mclaneat.com = Derick Bailey <derickbailey@gmail.com>
tehlike = Tuna Toksoz <tehlike@gmail.com>
Hudson.Akridge = Hudson Akridge <Hudson.Akridge@gmail.com>
Hudson.akridge@gmail.com = Hudson Akridge <Hudson.Akridge@gmail.com>
